Time,REAL_DATA,TELE_DATA
0,221,218
1,223,220
2,221,218
3,223,220
4,222,218
5,221,218
6,223,220
7,221,218
8,223,220
9,222,218
10,223,220
11,223,220
12,221,218
13,223,220
14,223,220
15,221,218
16,222,218
17,223,220
18,223,220
19,221,218
20,221,218
21,221,218
22,223,220
23,223,220
24,221,218
25,222,218
26,222,218
27,223,220
28,223,220
29,222,218
30,223,220
31,223,220
32,223,220
33,222,218
34,223,220
35,223,220
36,223,220
37,223,220
38,221,218
39,223,220
40,223,220
41,223,220
42,222,218
43,223,220
44,221,218
45,223,220
46,222,218
47,222,218
48,223,220
49,223,220
50,222,218
51,222,219
52,221,218
53,221,218
54,221,218
55,221,218
56,223,220
57,222,219
58,223,220
59,223,220
60,221,218
61,223,220
62,223,220
63,223,220
64,222,219
65,223,220
66,223,220
67,221,218
68,223,220
69,223,220
70,222,218
71,223,220
72,223,220
73,223,220
74,222,219
75,223,220
76,221,218
77,223,220
78,222,218
79,223,220
80,223,220
81,223,220
82,222,219
83,221,218
84,223,220
85,223,220
86,223,220
87,221,218
88,223,220
89,223,220
90,221,218
91,222,218
92,223,220
93,223,220
94,223,220
95,221,218
96,223,220
97,223,220
98,221,218
99,223,220
100,223,220
101,223,220
102,223,220
103,221,218
104,223,220
105,223,220
106,223,220
107,223,220
108,221,218
109,223,220
110,223,220
111,223,220
112,223,220
113,223,220
114,221,218
115,221,218
116,223,220
117,222,218
118,223,220
119,223,220
120,221,218
121,221,218
122,223,220
123,223,220
124,223,220
125,222,218
126,223,220
127,223,220
128,223,220
129,222,218
130,221,218
131,223,220
132,221,218
133,221,218
134,223,220
135,223,220
136,221,218
137,221,218
138,222,219
139,221,218
140,221,218
141,221,218
142,223,220
143,223,220
144,223,220
145,221,218
146,221,218
147,223,220
148,223,220
149,223,220
150,223,220
151,223,220
152,223,220
153,223,220
154,223,220
155,223,220
156,221,218
157,222,219
158,221,218
159,221,218
160,223,220
161,223,220
162,221,218
163,223,220
164,222,218
165,222,218
166,221,218
167,223,220
168,222,218
169,223,220
170,223,220
171,223,220
172,222,218
173,223,220
174,221,218
175,223,220
176,223,220
177,222,218
178,223,220
179,223,220
180,223,220
181,221,218
182,222,218
183,223,220
184,222,218
185,221,218
186,222,219
187,223,220
188,223,220
189,223,220
190,223,220
191,221,218
192,223,220
193,221,218
194,222,218
195,222,219
196,223,220
197,223,220
198,223,220
199,223,220
200,223,220
201,221,218
202,223,220
203,223,220
204,221,218
205,220,218
206,221,219
207,223,220
208,223,220
209,223,220
210,221,218
211,223,220
212,223,220
213,223,220
214,222,218
215,223,220
216,223,220
217,223,220
218,223,220
219,223,220
220,223,220
221,222,218
222,223,220
223,221,218
224,223,220
225,221,218
226,221,218
227,222,218
228,223,220
229,223,220
230,223,220
231,222,218
232,221,218
233,221,218
234,223,220
235,221,218
236,223,220
237,223,220
238,221,218
239,222,219
240,223,220
241,221,218
242,221,218
243,222,218
244,223,220
245,223,220
246,223,220
247,221,218
248,223,220
249,223,220
250,223,220
251,223,220
252,222,218
253,223,220
254,221,218
255,223,220
256,222,219
257,223,220
258,221,218
259,223,220
260,223,220
261,223,220
262,222,218
263,223,220
264,223,220
265,221,218
266,223,220
267,222,218
268,223,220
269,223,220
270,223,220
271,221,218
272,221,218
273,221,218
274,221,218
275,222,218
276,223,220
277,223,220
278,223,220
279,223,220
280,221,218
281,223,220
282,221,218
283,222,218
284,223,220
285,221,218
286,223,220
287,223,220
288,221,218
289,223,220
290,223,220
291,220,218
292,223,220
293,223,220
294,223,220
295,223,220
296,219,217
297,221,218
298,221,218
299,222,219
300,220,217
301,219,216
302,221,218
303,218,216
304,221,218
305,221,218
306,217,214
307,218,215
308,218,215
309,218,214
310,217,214
311,219,217
312,218,215
313,217,214
314,217,214
315,219,217
316,219,216
317,217,214
318,219,217
319,218,217
320,218,217
321,218,215
322,219,216
323,218,215
324,218,215
325,217,214
326,219,217
327,218,216
328,218,215
329,217,214
330,218,214
331,218,215
332,218,214
333,218,216
334,218,214
335,218,215
336,218,215
337,218,214
338,219,216
339,216,214
340,219,216
341,219,216
342,218,215
343,219,216
344,217,214
345,216,214
346,218,215
347,217,214
348,217,214
349,218,215
350,218,215
351,216,214
352,217,214
353,219,216
354,216,214
355,219,216
356,216,214
357,218,215
358,219,216
359,216,214
360,218,215
361,218,215
362,218,216
363,218,215
364,217,214
365,218,215
366,219,216
367,216,214
368,219,216
369,217,214
370,218,215
371,218,215
372,218,215
373,219,216
374,216,214
375,217,214
376,219,216
377,218,215
378,217,214
379,219,216
380,218,215
381,218,215
382,217,214
383,216,214
384,219,216
385,218,216
386,217,214
387,219,216
388,218,215
389,216,214
390,218,215
391,218,214
392,218,215
393,218,215
394,218,214
395,218,214
396,216,214
397,218,216
398,219,216
399,218,214
400,218,214
401,219,216
402,218,215
403,217,214
404,216,214
405,218,215
406,218,215
407,219,216
408,217,214
409,219,216
410,218,215
411,218,215
412,218,214
413,216,214
414,216,214
415,218,217
416,216,214
417,217,214
418,216,214
419,218,214
420,218,214
421,218,214
422,218,216
423,217,214
424,217,214
425,219,217
426,217,214
427,217,214
428,219,216
429,218,216
430,219,217
431,218,215
432,217,214
433,219,217
434,219,217
435,219,217
436,218,215
437,218,215
438,217,214
439,219,217
440,218,215
441,219,217
442,221,218
443,218,215
444,221,218
445,221,219
446,219,216
447,218,215
448,221,218
449,221,218
450,221,218
451,220,218
452,222,219
453,220,218
454,219,217
455,220,218
456,220,218
457,220,218
458,220,218
459,223,220
460,220,218
461,223,220
462,223,220
463,223,220
464,223,220
465,223,220
466,223,220
467,221,218
468,221,218
469,221,218
470,221,218
471,223,220
472,223,220
473,221,218
474,223,220
475,223,220
476,223,220
477,222,218
478,223,220
479,223,220
480,221,218
481,223,220
482,223,220
483,222,218
484,223,220
485,223,220
486,221,218
487,221,218
488,223,220
489,223,220
490,223,220
491,222,219
492,223,220
493,223,220
494,223,220
495,221,218
496,222,218
497,221,218
498,222,219
499,222,218
500,222,218
501,223,220
502,222,218
503,222,218
504,223,220
505,221,218
506,221,218
507,223,220
508,221,218
509,222,219
510,223,220
511,223,220
512,222,218
513,221,218
514,223,220
515,223,220
516,223,220
517,223,220
518,222,218
519,221,218
520,221,218
521,221,218
522,223,220
523,222,218
524,223,220
525,223,220
526,221,218
527,221,218
528,221,218
529,223,220
530,221,218
531,223,220
532,222,218
533,221,218
534,223,220
535,222,218
536,223,220
537,223,220
538,223,220
539,223,220
540,223,220
541,223,220
542,223,220
543,223,220
544,223,220
545,223,220
546,223,220
547,221,218
548,223,220
549,221,218
550,223,220
551,221,218
552,223,220
553,223,220
554,223,220
555,222,219
556,221,218
557,223,220
558,223,220
559,221,218
560,222,218
561,223,220
562,221,218
563,223,220
564,221,218
565,221,218
566,221,218
567,222,218
568,221,218
569,222,218
570,221,218
571,222,218
572,223,220
573,221,218
574,220,218
575,223,220
576,223,220
577,223,220
578,221,218
579,223,220
580,222,218
581,223,220
582,223,220
583,221,218
584,222,219
585,222,219
586,221,218
587,223,220
588,223,220
589,223,220
590,221,218
591,223,220
592,223,220
593,222,219
594,222,218
595,221,218
596,221,218
597,222,218
598,221,218
599,221,218
600,223,220
601,223,220
602,223,220
603,221,218
604,223,220
605,223,220
606,221,218
607,223,220
608,223,220
609,221,218
610,222,219
611,222,218
612,222,218
613,223,220
614,223,220
615,223,220
616,222,219
617,221,218
618,222,218
619,221,218
620,223,220
621,223,220
622,222,219
623,223,220
624,223,220
625,221,218
626,223,220
627,223,220
628,221,218
629,222,219
630,223,220
631,223,220
632,223,220
633,223,220
634,222,219
635,221,218
636,221,218
637,222,219
638,221,218
639,222,219
640,223,220
641,222,218
642,223,220
643,221,218
644,221,218
645,223,220
646,222,218
647,223,220
648,222,219
649,222,219
650,223,220
651,223,220
652,223,220
653,223,220
654,223,220
655,221,218
656,223,220
657,222,219
658,221,218
659,221,218
660,223,220
661,221,218
662,223,220
663,222,219
664,223,220
665,223,220
666,223,220
667,221,218
668,223,220
669,223,220
670,221,218
671,222,219
672,222,219
673,222,218
674,223,220
675,223,220
676,221,218
677,223,220
678,222,218
679,223,220
680,223,220
681,221,218
682,223,220
683,223,220
684,223,220
685,223,220
686,223,220
687,223,220
688,223,220
689,223,220
690,223,220
691,221,218
692,221,218
693,222,219
694,223,220
695,223,220
696,221,218
697,223,220
698,222,218
699,223,220
700,222,219
701,223,220
702,222,218
703,223,220
704,223,220
705,221,218
706,222,218
707,222,218
708,221,218
709,223,220
710,222,219
711,223,220
712,221,218
713,223,220
714,221,218
715,221,218
716,223,220
717,222,218
718,223,220
719,223,220
720,223,220
721,221,218
722,223,220
723,222,218
724,223,220
725,221,218
726,221,218
727,223,220
728,223,220
729,221,218
730,223,220
731,223,220
732,223,220
733,223,220
734,221,218
735,221,218
736,221,218
737,223,220
738,223,220
739,221,218
740,222,218
741,221,218
742,223,220
743,220,218
744,221,218
745,221,218
746,223,220
747,223,220
748,223,220
749,223,220
750,222,218
751,221,218
752,221,218
753,223,220
754,223,220
755,221,218
756,221,218
757,223,220
758,223,220
759,223,220
760,222,219
761,223,220
762,221,218
763,221,218
764,223,220
765,223,220
766,223,220
767,223,220
768,223,220
769,223,220
770,223,220
771,223,220
772,221,218
773,221,218
774,222,218
775,223,220
776,223,220
777,221,218
778,223,220
779,223,220
780,222,218
781,223,220
782,223,220
783,222,218
784,223,220
785,221,218
786,223,220
787,221,218
788,222,219
789,221,218
790,221,218
791,222,219
792,223,220
793,222,219
794,223,220
795,223,220
796,221,218
797,223,220
798,223,220
799,222,218
800,221,218
801,223,220
802,221,218
803,222,218
804,222,219
805,223,220
806,221,218
807,222,218
808,223,220
809,223,220
810,221,218
811,223,220
812,223,220
813,222,218
814,223,220
815,221,218
816,223,220
817,221,218
818,221,218
819,223,220
820,223,220
821,223,220
822,223,220
823,223,220
824,222,219
825,223,220
826,223,220
827,222,218
828,221,218
829,221,218
830,221,218
831,222,218
832,221,218
833,223,220
834,222,219
835,223,220
836,223,220
837,223,220
838,221,218
839,221,218
840,223,220
841,221,218
842,223,220
843,221,218
844,223,220
845,222,218
846,222,219
847,221,218
848,221,218
849,223,220
850,222,218
851,221,218
852,222,218
853,221,218
854,223,220
855,223,220
856,222,218
857,223,220
858,222,219
859,221,218
860,223,220
861,223,220
862,223,220
863,222,219
864,223,220
865,221,218
866,221,218
867,223,220
868,223,220
869,222,219
870,221,218
871,223,220
872,221,218
873,223,220
874,223,220
875,223,220
876,223,220
877,223,220
878,223,220
879,221,218
880,223,220
881,223,220
882,222,218
883,223,220
884,221,218
885,221,218
886,221,218
887,221,218
888,222,218
889,222,218
890,223,220
891,223,220
892,221,218
893,221,218
894,223,220
895,223,220
896,222,218
897,223,220
898,223,220
899,221,218
900,221,218
901,222,219
902,221,218
903,221,218
904,222,219
905,221,218
906,222,219
907,223,220
908,221,218
909,223,220
910,221,218
911,223,220
912,223,220
913,221,218
914,222,218
915,223,220
916,223,220
917,223,220
918,223,220
919,223,220
920,223,220
921,221,218
922,223,220
923,223,220
924,223,220
925,221,218
926,223,220
927,223,220
928,223,220
929,221,218
930,222,219
931,223,220
932,223,220
933,223,220
934,221,218
935,221,218
936,223,220
937,221,218
938,223,220
939,221,218
940,222,218
941,221,218
942,223,220
943,221,218
944,223,220
945,221,218
946,223,220
947,222,218
948,223,220
949,223,220
950,221,218
951,223,220
952,223,220
953,223,220
954,223,220
955,221,218
956,221,218
957,223,220
958,223,220
959,223,220
960,222,219
961,221,218
962,221,218
963,223,220
964,223,220
965,223,220
966,222,219
967,221,218
968,221,218
969,223,220
970,223,220
971,223,220
972,222,218
973,223,220
974,221,218
975,221,218
976,223,220
977,223,220
978,223,220
979,221,218
980,223,220
981,222,218
982,223,220
983,223,220
984,222,219
985,222,218
986,221,218
987,222,219
988,223,220
989,221,218
990,223,220
991,223,220
992,221,218
993,222,219
994,223,220
995,223,220
996,221,218
997,223,220
998,221,218
999,222,218
1000,223,220
1001,221,218
1002,222,218
1003,221,218
1004,223,220
1005,223,220
1006,223,220
1007,223,220
1008,221,218
1009,223,220
1010,221,218
1011,223,220
1012,221,218
1013,223,220
1014,223,220
1015,223,220
1016,223,220
1017,223,220
1018,223,220
1019,221,218
1020,221,218
1021,222,219
1022,223,220
1023,223,220
1024,223,220
1025,223,220
1026,222,218
1027,221,218
1028,223,220
1029,221,218
1030,223,220
1031,223,220
1032,221,218
1033,221,218
1034,221,218
1035,223,220
1036,223,220
1037,220,218
1038,223,220
1039,220,218
1040,220,217
1041,223,220
1042,219,217
1043,220,218
1044,222,220
1045,223,220
1046,221,218
1047,220,218
1048,219,216
1049,218,215
1050,220,217
1051,218,215
1052,221,218
1053,221,218
1054,217,214
1055,221,218
1056,221,218
1057,218,215
1058,218,215
1059,219,217
1060,219,217
1061,218,215
1062,219,216
1063,218,215
1064,217,214
1065,219,217
1066,219,216
1067,218,215
1068,218,215
1069,217,214
1070,218,215
1071,217,214
1072,217,214
1073,218,214
1074,218,214
1075,217,214
1076,218,216
1077,218,214
1078,218,215
1079,218,215
1080,218,215
1081,216,214
1082,217,214
1083,218,215
1084,218,214
1085,219,216
1086,218,215
1087,217,214
1088,217,214
1089,218,215
1090,218,215
1091,216,214
1092,216,214
1093,216,214
1094,218,215
1095,219,216
1096,216,214
1097,219,216
1098,216,214
1099,218,214
1100,219,216
1101,217,214
1102,217,214
1103,216,214
1104,218,215
1105,219,216
1106,216,214
1107,216,214
1108,216,214
1109,218,215
1110,219,217
1111,218,215
1112,216,214
1113,218,215
1114,219,216
1115,218,215
1116,217,214
1117,217,214
1118,216,214
1119,219,216
1120,219,216
1121,216,214
1122,218,214
1123,219,216
1124,218,215
1125,218,215
1126,218,215
1127,219,216
1128,219,216
1129,218,215
1130,217,214
1131,218,214
1132,217,214
1133,219,216
1134,217,214
1135,217,214
1136,216,214
1137,216,214
1138,219,217
1139,216,214
1140,217,214
1141,218,215
1142,216,214
1143,218,215
1144,218,215
1145,217,214
1146,216,214
1147,216,214
1148,218,215
1149,218,215
1150,217,214
1151,217,214
1152,218,215
1153,219,216
1154,218,214
1155,218,215
1156,218,215
1157,218,215
1158,217,214
1159,217,214
1160,216,214
1161,216,214
1162,219,216
1163,218,215
1164,217,214
1165,218,216
1166,217,214
1167,216,214
1168,218,216
1169,217,214
1170,217,214
1171,217,214
1172,218,215
1173,218,215
1174,218,214
1175,218,214
1176,217,214
1177,217,214
1178,219,216
1179,217,214
1180,217,214
1181,217,214
1182,218,217
1183,218,215
1184,218,215
1185,217,214
1186,218,215
1187,219,217
1188,218,215
1189,218,215
1190,217,214
1191,218,215
1192,218,215
1193,221,218
1194,218,215
1195,221,219
1196,221,218
1197,221,218
1198,218,215
1199,222,219
1200,218,215
1201,222,219
1202,218,216
1203,222,220
1204,219,217
1205,219,217
1206,223,220
1207,219,217
1208,223,220
1209,220,218
1210,220,218
1211,221,218
1212,220,218
1213,221,218
1214,220,218
1215,221,218
1216,223,220
1217,221,218
1218,222,218
1219,223,220
1220,221,218
1221,221,218
1222,223,220
1223,221,218
1224,221,218
1225,221,218
1226,222,218
1227,223,220
1228,223,220
1229,221,218
1230,223,220
1231,223,220
1232,223,220
1233,223,220
1234,223,220
1235,222,218
1236,223,220
1237,223,220
1238,222,218
1239,222,218
1240,222,218
1241,223,220
1242,221,218
1243,222,218
1244,221,218
1245,223,220
1246,223,220
1247,223,220
1248,221,218
1249,223,220
1250,223,220
1251,223,220
1252,223,220
1253,223,220
1254,223,220
1255,223,220
1256,222,218
1257,223,220
1258,223,220
1259,221,218
1260,221,218
1261,222,218
1262,221,218
1263,223,220
1264,221,218
1265,223,220
1266,223,220
1267,221,218
1268,223,220
1269,223,220
1270,221,218
1271,223,220
1272,223,220
1273,222,218
1274,221,218
1275,221,218
1276,223,220
1277,221,218
1278,222,218
1279,222,219
1280,221,218
1281,223,220
1282,223,220
1283,221,218
1284,223,220
1285,221,218
1286,223,220
1287,223,220
1288,223,220
1289,222,218
1290,223,220
1291,223,220
1292,223,220
1293,223,220
1294,221,218
1295,221,218
1296,223,220
1297,222,219
1298,223,220
1299,223,220
1300,221,218
1301,222,219
1302,221,218
1303,223,220
1304,223,220
1305,223,220
1306,223,220
1307,223,220
1308,223,220
1309,223,220
1310,222,218
1311,221,218
1312,222,219
1313,221,218
1314,223,220
1315,221,218
1316,223,220
1317,221,218
1318,221,218
1319,223,220
1320,223,220
1321,223,220
1322,223,220
1323,223,220
1324,221,218
1325,223,220
1326,222,218
1327,221,218
1328,221,218
1329,222,218
1330,221,218
1331,223,220
1332,223,220
1333,223,220
1334,223,220
1335,223,220
1336,223,220
1337,221,218
1338,220,218
1339,223,220
1340,223,220
1341,221,218
1342,223,220
1343,223,220
1344,222,218
1345,221,218
1346,223,220
1347,223,220
1348,223,220
1349,221,218
1350,221,218
1351,221,218
1352,223,220
1353,222,218
1354,223,220
1355,223,220
1356,221,218
1357,222,218
1358,221,218
1359,222,219
1360,221,218
1361,221,218
1362,223,220
1363,223,220
1364,223,220
1365,221,218
1366,223,220
1367,221,218
1368,223,220
1369,223,220
1370,223,220
1371,223,220
1372,221,218
1373,223,220
1374,223,220
1375,221,218
1376,222,218
1377,223,220
1378,223,220
1379,223,220
1380,223,220
1381,221,218
1382,221,218
1383,221,218
1384,221,218
1385,221,218
1386,221,218
1387,222,218
1388,222,219
1389,223,220
1390,222,219
1391,223,220
1392,223,220
1393,223,220
1394,221,218
1395,223,220
1396,221,218
1397,223,220
1398,221,218
1399,222,218
1400,222,218
1401,222,218
1402,223,220
1403,223,220
1404,221,218
1405,222,218
1406,223,220
1407,221,218
1408,223,220
1409,223,220
1410,221,218
1411,222,219
1412,221,218
1413,223,220
1414,223,220
1415,221,218
1416,221,218
1417,223,220
1418,221,218
1419,223,220
1420,223,220
1421,221,218
1422,223,220
1423,223,220
1424,223,220
1425,223,220
1426,223,220
1427,221,218
1428,221,218
1429,223,220
1430,223,220
1431,221,218
1432,222,219
1433,223,220
1434,223,220
1435,221,218
1436,221,218
1437,223,220
1438,221,218
1439,221,218
1440,221,218
1441,222,218
1442,222,218
1443,221,218
1444,221,218
1445,223,220
1446,221,218
1447,221,218
1448,222,218
1449,221,218
1450,223,220
1451,223,220
1452,223,220
1453,221,218
1454,221,218
1455,221,218
1456,222,218
1457,223,220
1458,223,220
1459,220,218
1460,221,218
1461,223,220
1462,223,220
1463,221,218
1464,223,220
1465,223,220
1466,221,218
1467,221,218
1468,221,218
1469,223,220
1470,221,218
1471,222,218
1472,221,218
1473,223,220
1474,223,220
1475,223,220
1476,221,218
1477,223,220
1478,221,218
1479,222,218
1480,221,218
1481,223,220
1482,221,218
1483,223,220
1484,223,220
1485,221,218
1486,223,220
1487,223,220
1488,221,218
1489,221,218
1490,222,219
1491,223,220
1492,221,218
1493,223,220
1494,221,218
1495,223,220
1496,223,220
1497,223,220
1498,221,218
1499,221,218
1500,221,218
1501,221,218
1502,222,219
1503,223,220
1504,223,220
1505,222,218
1506,223,220
1507,222,218
1508,221,218
1509,223,220
1510,222,218
1511,222,218
1512,223,220
1513,221,218
1514,223,220
1515,223,220
1516,222,218
1517,223,220
1518,221,218
1519,223,220
1520,221,218
1521,223,220
1522,223,220
1523,223,220
1524,223,220
1525,222,218
1526,221,218
1527,223,220
1528,223,220
1529,223,220
1530,222,219
1531,221,218
1532,221,218
1533,223,220
1534,223,220
1535,223,220
1536,223,220
1537,223,220
1538,222,218
1539,220,218
1540,223,220
1541,222,218
1542,222,218
1543,223,220
1544,221,218
1545,221,218
1546,221,218
1547,222,218
1548,223,220
1549,223,220
1550,222,219
1551,221,218
1552,223,220
1553,223,220
1554,223,220
1555,223,220
1556,223,220
1557,221,218
1558,222,218
1559,222,218
1560,223,220
1561,223,220
1562,223,220
1563,223,220
1564,223,220
1565,222,218
1566,221,218
1567,222,219
1568,223,220
1569,223,220
1570,221,218
1571,223,220
1572,223,220
1573,222,218
1574,221,218
1575,222,219
1576,221,218
1577,223,220
1578,223,220
1579,223,220
1580,223,220
1581,221,218
1582,223,220
1583,223,220
1584,221,218
1585,221,218
1586,223,220
1587,222,218
1588,223,220
1589,222,219
1590,223,220
1591,223,220
1592,222,218
1593,222,219
1594,221,218
1595,223,220
1596,221,218
1597,223,220
1598,221,218
1599,221,218
1600,222,218
1601,221,218
1602,222,218
1603,222,219
1604,223,220
1605,223,220
1606,222,219
1607,222,219
1608,221,218
1609,221,218
1610,223,220
1611,221,218
1612,222,218
1613,221,218
1614,221,218
1615,221,218
1616,223,220
1617,221,218
1618,223,220
1619,223,220
1620,221,218
1621,223,220
1622,223,220
1623,222,218
1624,223,220
1625,223,220
1626,222,218
1627,221,218
1628,222,218
1629,223,220
1630,222,219
1631,222,218
1632,221,218
1633,221,218
1634,223,220
1635,223,220
1636,222,218
1637,223,220
1638,223,220
1639,222,218
1640,221,218
1641,223,220
1642,222,218
1643,221,218
1644,223,220
1645,221,218
1646,222,218
1647,221,218
1648,223,220
1649,222,218
1650,221,218
1651,222,218
1652,223,220
1653,221,218
1654,223,220
1655,221,218
1656,221,218
1657,223,220
1658,223,220
1659,221,218
1660,223,220
1661,223,220
1662,221,218
1663,223,220
1664,223,220
1665,223,220
1666,223,220
1667,223,220
1668,223,220
1669,223,220
1670,223,220
1671,223,220
1672,223,220
1673,223,220
1674,221,218
1675,222,218
1676,223,220
1677,223,220
1678,221,218
1679,221,218
1680,221,218
1681,221,218
1682,221,218
1683,223,220
1684,223,220
1685,221,218
1686,222,219
1687,222,219
1688,223,220
1689,223,220
1690,223,220
1691,223,220
1692,221,218
1693,223,220
1694,221,218
1695,222,218
1696,221,218
1697,222,218
1698,223,220
1699,223,220
1700,223,220
1701,221,218
1702,221,218
1703,221,218
1704,221,218
1705,222,218
1706,221,218
1707,223,220
1708,223,220
1709,221,218
1710,221,218
1711,223,220
1712,223,220
1713,223,220
1714,223,220
1715,222,218
1716,223,220
1717,221,218
1718,222,219
1719,223,220
1720,223,220
1721,221,218
1722,221,218
1723,223,220
1724,223,220
1725,222,218
1726,221,218
1727,221,218
1728,221,218
1729,223,220
1730,223,220
1731,222,218
1732,223,220
1733,222,218
1734,223,220
1735,223,220
1736,223,220
1737,223,220
1738,221,218
1739,221,218
1740,221,218
1741,222,218
1742,221,218
1743,222,218
1744,223,220
1745,221,218
1746,222,218
1747,223,220
1748,221,218
1749,222,218
1750,223,220
1751,221,218
1752,222,218
1753,221,218
1754,221,218
1755,223,220
1756,221,218
1757,223,220
1758,223,220
1759,223,220
1760,222,219
1761,223,220
1762,221,218
1763,223,220
1764,221,218
1765,223,220
1766,223,220
1767,223,220
1768,221,218
1769,223,220
1770,221,218
1771,221,218
1772,221,218
1773,223,220
1774,223,220
1775,223,220
1776,222,218
1777,221,218
1778,222,218
1779,222,218
1780,223,220
1781,221,218
1782,221,218
1783,221,218
1784,223,220
1785,221,218
1786,223,220
1787,223,220
1788,223,220
1789,223,220
1790,220,218
1791,219,217
1792,223,220
1793,220,218
1794,222,220
1795,220,218
1796,220,218
1797,220,217
1798,218,215
1799,220,217
1800,218,215
1801,218,215
1802,218,214
1803,221,218
1804,221,218
1805,221,218
1806,217,214
1807,217,214
1808,219,218
1809,219,217
1810,217,214
1811,217,214
1812,219,217
1813,217,214
1814,217,214
1815,218,215
1816,217,214
1817,218,215
1818,217,214
1819,217,214
1820,217,214
1821,218,215
1822,217,214
1823,217,214
1824,217,214
1825,218,217
1826,218,214
1827,218,217
1828,217,214
1829,217,214
1830,218,215
1831,218,214
1832,218,214
1833,218,215
1834,219,216
1835,216,214
1836,216,214
1837,218,215
1838,216,214
1839,218,215
1840,218,215
1841,216,214
1842,218,215
1843,216,214
1844,218,215
1845,218,215
1846,219,216
1847,217,214
1848,216,214
1849,216,214
1850,216,214
1851,219,216
1852,218,216
1853,216,214
1854,216,214
1855,218,214
1856,219,217
1857,217,214
1858,218,215
1859,219,216
1860,217,214
1861,219,216
1862,218,215
1863,216,214
1864,218,215
1865,218,215
1866,218,214
1867,219,217
1868,217,214
1869,217,214
1870,217,214
1871,217,214
1872,217,214
1873,219,216
1874,219,216
1875,217,214
1876,217,214
1877,216,214
1878,217,214
1879,219,216
1880,218,215
1881,217,214
1882,219,216
1883,219,216
1884,218,214
1885,218,215
1886,216,214
1887,216,214
1888,218,215
1889,216,214
1890,216,214
1891,216,214
1892,216,214
1893,218,215
1894,218,215
1895,218,216
1896,217,214
1897,218,215
1898,219,216
1899,217,214
1900,217,214
1901,218,215
1902,218,215
1903,215,212
1904,216,214
1905,216,214
1906,219,216
1907,219,216
1908,218,215
1909,219,216
1910,218,215
1911,218,216
1912,219,216
1913,216,214
1914,216,214
1915,216,214
1916,217,214
1917,218,214
1918,218,216
1919,217,214
1920,218,214
1921,217,214
1922,218,216
1923,218,214
1924,217,214
1925,218,216
1926,218,215
1927,218,216
1928,218,216
1929,218,215
1930,219,217
1931,218,215
1932,218,217
1933,218,215
1934,219,217
1935,217,214
1936,219,217
1937,219,217
1938,218,215
1939,219,217
1940,218,215
1941,218,215
1942,221,218
1943,217,214
1944,217,214
1945,221,218
1946,221,219
1947,220,216
1948,218,215
1949,219,216
1950,219,216
1951,219,217
1952,220,218
1953,220,218
1954,219,217
1955,223,220
1956,220,218
1957,223,220
1958,220,218
1959,223,220
1960,220,218
1961,220,218
1962,223,220
1963,221,218
1964,221,218
1965,222,218
1966,222,219
1967,222,218
1968,223,220
1969,222,219
1970,222,218
1971,223,220
1972,223,220
1973,221,218
1974,221,218
1975,221,218
1976,223,220
1977,223,220
1978,223,220
1979,223,220
1980,221,218
1981,222,218
1982,223,220
1983,221,218
1984,221,218
1985,223,220
1986,221,218
1987,223,220
1988,221,218
1989,223,220
1990,222,219
1991,222,218
1992,221,218
1993,221,218
1994,221,218
1995,221,218
1996,222,218
1997,221,218
1998,221,218
1999,222,218
2000,222,218
2001,222,219
2002,222,218
2003,223,220
2004,223,220
2005,223,220
2006,223,220
2007,223,220
2008,221,218
2009,222,219
2010,223,220
2011,221,218
2012,221,218
2013,222,218
2014,221,218
2015,221,218
2016,220,218
2017,221,218
2018,221,218
2019,223,220
2020,221,218
2021,223,220
2022,221,218
2023,221,218
2024,223,220
2025,223,220
2026,222,218
2027,221,218
2028,223,220
2029,223,220
2030,222,219
2031,221,218
2032,221,218
2033,222,218
2034,221,218
2035,222,218
2036,221,218
2037,219,216
2038,223,220
2039,221,218
2040,221,218
2041,221,218
2042,223,220
2043,222,219
2044,223,220
2045,222,218
2046,221,218
2047,221,218
2048,223,220
2049,223,220
2050,221,218
2051,221,218
2052,223,220
2053,223,220
2054,223,220
2055,223,220
2056,223,220
2057,223,220
2058,223,220
2059,223,220
2060,223,220
2061,222,219
2062,221,218
2063,221,218
2064,221,218
2065,221,218
2066,222,218
2067,221,218
2068,223,220
2069,222,218
2070,221,218
2071,221,218
2072,223,220
2073,222,219
2074,223,220
2075,222,218
2076,222,218
2077,222,218
2078,223,220
2079,221,218
2080,221,218
2081,222,218
2082,221,218
2083,222,219
2084,221,218
2085,222,218
2086,222,218
2087,221,218
2088,223,220
2089,223,220
2090,221,218
2091,223,220
2092,223,220
2093,223,220
2094,222,219
2095,222,218
2096,222,218
2097,221,218
2098,221,218
2099,222,218
2100,221,218
2101,221,218
2102,223,220
2103,222,219
2104,223,220
2105,223,220
2106,222,219
2107,223,220
2108,221,218
2109,223,220
2110,221,218
2111,222,218
2112,223,220
2113,223,220
2114,221,218
2115,223,220
2116,222,219
2117,221,218
2118,222,219
2119,223,220
2120,223,220
2121,221,218
2122,221,218
2123,221,218
2124,223,220
2125,223,220
2126,223,220
2127,223,220
2128,221,218
2129,222,218
2130,223,220
2131,221,218
2132,222,218
2133,223,220
2134,221,218
2135,222,218
2136,223,220
2137,220,218
2138,223,220
2139,222,218
2140,222,219
2141,221,218
2142,221,218
2143,221,218
2144,221,218
2145,223,220
2146,221,218
2147,222,219
2148,221,218
2149,223,220
2150,223,220
2151,223,220
2152,221,218
2153,223,220
2154,222,218
2155,222,218
2156,221,218
2157,221,218
2158,222,218
2159,221,218
2160,221,218
2161,222,218
2162,219,217
2163,223,220
2164,221,218
2165,221,218
2166,221,218
2167,223,220
2168,221,218
2169,221,218
2170,219,216
2171,223,220
2172,221,218
2173,221,218
2174,223,220
2175,221,218
2176,222,219
2177,221,218
2178,223,220
2179,223,220
2180,223,220
2181,223,220
2182,223,220
2183,221,218
2184,223,220
2185,223,220
2186,219,217
2187,223,220
2188,222,219
2189,221,218
2190,223,220
2191,221,218
2192,223,220
2193,221,218
2194,221,218
2195,222,218
2196,221,218
2197,222,218
2198,221,218
2199,219,217
2200,223,220
2201,223,220
2202,222,218
2203,221,218
2204,223,220
2205,221,218
2206,219,216
2207,221,218
2208,222,218
2209,221,218
2210,223,220
2211,221,218
2212,223,220
2213,223,220
2214,221,218
2215,219,216
2216,221,218
2217,222,218
2218,221,218
2219,221,218
2220,223,220
2221,222,219
2222,222,218
2223,222,218
2224,221,218
2225,221,218
2226,221,218
2227,223,220
2228,221,218
2229,221,218
2230,223,220
2231,221,218
2232,223,220
2233,223,220
2234,223,220
2235,223,220
2236,221,218
2237,223,220
2238,221,218
2239,221,218
2240,219,217
2241,222,219
2242,221,218
2243,221,218
2244,221,218
2245,223,220
2246,221,218
2247,223,220
2248,223,220
2249,222,218
2250,222,218
2251,221,218
2252,221,218
2253,221,218
2254,223,220
2255,222,219
2256,223,220
2257,222,218
2258,221,218
2259,221,218
2260,221,218
2261,223,220
2262,222,218
2263,219,217
2264,223,220
2265,221,218
2266,222,218
2267,222,218
2268,223,220
2269,223,220
2270,223,220
2271,223,220
2272,221,218
2273,221,218
2274,221,218
2275,223,220
2276,221,218
2277,222,218
2278,222,218
2279,223,220
2280,223,220
2281,221,218
2282,221,218
2283,223,220
2284,221,218
2285,222,218
2286,221,218
2287,221,218
2288,223,220
2289,221,218
2290,223,220
2291,222,218
2292,223,220
2293,222,219
2294,223,220
2295,221,218
2296,221,218
2297,222,219
2298,223,220
2299,223,220
2300,221,218
2301,221,218
2302,223,220
2303,223,220
2304,223,220
2305,222,219
2306,223,220
2307,221,218
2308,223,220
2309,223,220
2310,222,218
2311,221,218
2312,221,218
2313,223,220
2314,223,220
2315,223,220
2316,223,220
2317,222,218
2318,221,218
2319,221,218
2320,223,220
2321,221,218
2322,223,220
2323,223,220
2324,221,218
2325,223,220
2326,221,218
2327,221,218
2328,219,216
2329,221,218
2330,222,218
2331,221,218
2332,222,219
2333,221,218
2334,223,220
2335,221,218
2336,221,218
2337,222,218
2338,221,218
2339,222,219
2340,221,218
2341,222,218
2342,223,220
2343,221,218
2344,221,218
2345,221,218
2346,221,218
2347,223,220
2348,221,218
2349,222,218
2350,221,218
2351,221,218
2352,223,220
2353,223,220
2354,222,218
2355,223,220
2356,221,218
2357,222,218
2358,221,218
2359,221,218
2360,221,218
2361,221,218
2362,221,218
2363,222,218
2364,223,220
2365,221,218
2366,221,218
2367,221,218
2368,222,219
2369,223,220
2370,222,218
2371,222,218
2372,221,218
2373,221,218
2374,222,218
2375,221,218
2376,221,218
2377,222,218
2378,222,219
2379,221,218
2380,222,218
2381,223,220
2382,223,220
2383,223,220
2384,222,218
2385,221,218
2386,223,220
2387,222,218
2388,222,218
2389,223,220
2390,221,218
2391,221,218
2392,222,218
2393,223,220
2394,221,218
2395,220,218
2396,221,218
2397,222,219
2398,223,220
2399,221,218
2400,221,218
2401,223,220
2402,223,220
2403,223,220
2404,221,218
2405,221,218
2406,221,218
2407,223,220
2408,221,218
2409,221,218
2410,223,220
2411,221,218
2412,223,220
2413,223,220
2414,222,219
2415,221,218
2416,221,218
2417,223,220
2418,221,218
2419,221,218
2420,221,218
2421,221,218
2422,221,218
2423,221,218
2424,219,217
2425,221,218
2426,222,219
2427,223,220
2428,221,218
2429,221,218
2430,223,220
2431,222,218
2432,221,218
2433,223,220
2434,223,220
2435,223,220
2436,219,216
2437,221,218
2438,223,220
2439,223,220
2440,222,219
2441,221,218
2442,221,218
2443,223,220
2444,223,220
2445,221,218
2446,222,218
2447,221,218
2448,221,218
2449,222,219
2450,221,218
2451,223,220
2452,223,220
2453,223,220
2454,221,218
2455,223,220
2456,221,218
2457,221,218
2458,222,218
2459,221,218
2460,221,218
2461,223,220
2462,221,218
2463,222,219
2464,223,220
2465,221,218
2466,219,216
2467,223,220
2468,221,218
2469,221,218
2470,222,218
2471,221,218
2472,221,218
2473,222,218
2474,221,218
2475,223,220
2476,221,218
2477,219,217
2478,221,218
2479,221,218
2480,221,218
2481,223,220
2482,221,218
2483,220,218
2484,221,218
2485,223,220
2486,221,218
2487,220,218
2488,221,218
2489,222,218
2490,222,218
2491,223,220
2492,222,219
2493,223,220
2494,223,220
2495,221,218
2496,223,220
2497,221,218
2498,221,218
2499,222,219
2500,222,218
2501,221,218
2502,221,218
2503,223,220
2504,223,220
2505,221,218
2506,223,220
2507,221,218
2508,221,218
2509,223,220
2510,221,218
2511,222,219
2512,221,218
2513,221,218
2514,223,220
2515,219,216
2516,223,220
2517,223,220
2518,223,220
2519,221,218
2520,221,218
2521,221,218
2522,223,220
2523,222,219
2524,221,218
2525,221,218
2526,221,218
2527,223,220
2528,223,220
2529,222,218
2530,221,218
2531,221,218
2532,219,216
2533,219,216
2534,221,218
2535,222,218
2536,221,218
2537,220,218
2538,223,220
2539,220,218
2540,220,218
2541,223,220
2542,220,218
2543,223,220
2544,222,220
2545,222,219
2546,221,218
2547,220,218
2548,218,215
2549,220,217
2550,221,218
2551,220,216
2552,219,216
2553,218,215
2554,217,214
2555,217,214
2556,218,215
2557,216,213
2558,218,215
2559,217,214
2560,217,214
2561,217,214
2562,219,217
2563,217,214
2564,217,214
2565,218,215
2566,217,214
2567,218,215
2568,217,214
2569,217,214
2570,217,214
2571,218,217
2572,218,216
2573,215,212
2574,218,215
2575,217,214
2576,219,216
2577,218,214
2578,219,216
2579,218,215
2580,217,214
2581,217,214
2582,216,214
2583,218,215
2584,218,214
2585,218,214
2586,217,214
2587,218,214
2588,216,214
2589,218,215
2590,217,214
2591,217,214
2592,216,214
2593,215,212
2594,215,212
2595,215,212
2596,218,214
2597,216,214
2598,218,215
2599,217,214
2600,217,214
2601,216,214
2602,217,214
2603,218,216
2604,216,214
2605,218,215
2606,218,215
2607,218,214
2608,216,214
2609,217,214
2610,218,216
2611,217,214
2612,218,216
2613,216,214
2614,218,215
2615,216,214
2616,218,214
2617,217,214
2618,219,216
2619,218,214
2620,217,214
2621,219,216
2622,216,214
2623,216,214
2624,215,212
2625,218,214
2626,216,214
2627,217,214
2628,216,214
2629,218,215
2630,218,215
2631,217,214
2632,217,214
2633,217,214
2634,216,214
2635,218,216
2636,218,215
2637,218,216
2638,218,215
2639,217,214
2640,216,214
2641,215,212
2642,218,214
2643,218,215
2644,216,214
2645,218,215
2646,217,214
2647,216,214
2648,218,215
2649,218,215
2650,214,212
2651,216,214
2652,218,215
2653,218,215
2654,216,214
2655,216,214
2656,216,214
2657,218,215
2658,218,214
2659,215,212
2660,218,215
2661,216,214
2662,216,214
2663,216,214
2664,218,215
2665,215,212
2666,216,214
2667,217,214
2668,217,214
2669,217,214
2670,218,215
2671,218,214
2672,217,214
2673,217,214
2674,218,214
2675,218,214
2676,217,214
2677,217,214
2678,218,217
2679,218,216
2680,217,214
2681,218,215
2682,219,216
2683,219,217
2684,219,217
2685,217,214
2686,218,215
2687,219,217
2688,219,217
2689,218,214
2690,216,213
2691,218,215
2692,221,218
2693,221,218
2694,218,215
2695,218,216
2696,218,215
2697,221,218
2698,218,215
2699,220,217
2700,219,216
2701,218,215
2702,218,215
2703,222,220
2704,218,216
2705,222,220
2706,219,217
2707,220,218
2708,220,218
2709,220,218
2710,221,218
2711,220,218
2712,221,218
2713,223,220
2714,223,220
2715,221,218
2716,223,220
2717,223,220
2718,221,218
2719,223,220
2720,221,218
2721,219,217
2722,221,218
2723,223,220
2724,221,218
2725,221,218
2726,221,218
2727,221,218
2728,221,218
2729,221,218
2730,223,220
2731,222,219
2732,223,220
2733,221,218
2734,221,218
2735,221,218
2736,222,218
2737,221,218
2738,221,218
2739,221,218
2740,221,218
2741,221,218
2742,222,218
2743,223,220
2744,222,219
2745,221,218
2746,223,220
2747,223,220
2748,223,220
2749,223,220
2750,223,220
2751,223,220
2752,221,218
2753,223,220
2754,221,218
2755,223,220
2756,223,220
2757,221,218
2758,222,218
2759,223,220
2760,221,218
2761,222,218
2762,221,218
2763,223,220
2764,222,218
2765,221,218
2766,223,220
2767,223,220
2768,222,219
2769,222,218
2770,218,216
2771,221,218
2772,222,218
2773,221,218
2774,221,218
2775,223,220
2776,221,218
2777,223,220
2778,221,218
2779,222,218
2780,223,220
2781,221,218
2782,221,218
2783,222,219
2784,223,220
2785,222,218
2786,223,220
2787,222,219
2788,223,220
2789,221,218
2790,222,218
2791,221,218
2792,221,218
2793,220,218
2794,221,218
2795,222,219
2796,222,218
2797,221,218
2798,223,220
2799,223,220
2800,221,218
2801,221,218
2802,222,218
2803,219,217
2804,218,215
2805,223,220
2806,222,219
2807,221,218
2808,223,220
2809,223,220
2810,222,218
2811,221,218
2812,223,220
2813,222,219
2814,222,218
2815,221,218
2816,218,215
2817,221,218
2818,222,218
2819,223,220
2820,221,218
2821,221,218
2822,221,218
2823,218,215
2824,221,218
2825,223,220
2826,221,218
2827,221,218
2828,219,217
2829,221,218
2830,221,218
2831,221,218
2832,221,218
2833,221,218
2834,222,218
2835,222,219
2836,221,218
2837,222,218
2838,218,215
2839,222,219
2840,221,218
2841,222,218
2842,223,220
2843,220,218
2844,221,218
2845,222,218
2846,222,219
2847,221,218
2848,221,218
2849,221,218
2850,222,218
2851,221,218
2852,223,220
2853,221,218
2854,221,218
2855,221,218
2856,223,220
2857,221,218
2858,223,220
2859,221,218
2860,221,218
2861,219,216
2862,221,218
2863,221,218
2864,218,216
2865,222,219
2866,223,220
2867,222,218
2868,223,220
2869,221,218
2870,223,220
2871,223,220
2872,223,220
2873,223,220
2874,223,220
2875,221,218
2876,221,218
2877,223,220
2878,222,218
2879,222,219
2880,223,220
2881,221,218
2882,222,218
2883,221,218
2884,221,218
2885,222,218
2886,223,220
2887,221,218
2888,223,220
2889,223,220
2890,223,220
2891,221,218
2892,222,218
2893,221,218
2894,223,220
2895,221,218
2896,221,218
2897,221,218
2898,221,218
2899,221,218
2900,221,218
2901,221,218
2902,221,218
2903,223,220
2904,219,217
2905,219,216
2906,223,220
2907,221,218
2908,221,218
2909,221,218
2910,221,218
2911,221,218
2912,219,217
2913,222,218
2914,221,218
2915,221,218
2916,223,220
2917,223,220
2918,222,219
2919,221,218
2920,218,215
2921,219,217
2922,222,219
2923,221,218
2924,222,218
2925,221,218
2926,221,218
2927,223,220
2928,221,218
2929,219,217
2930,222,218
2931,222,218
2932,223,220
2933,222,218
2934,223,220
2935,221,218
2936,221,218
2937,219,216
2938,223,220
2939,219,216
2940,222,218
2941,219,216
2942,222,219
2943,219,217
2944,221,218
2945,218,215
2946,223,220
2947,221,218
2948,223,220
2949,219,216
2950,219,216
2951,221,218
2952,222,219
2953,223,220
2954,223,220
2955,223,220
2956,221,218
2957,222,219
2958,218,216
2959,221,218
2960,223,220
2961,221,218
2962,221,218
2963,222,218
2964,221,218
2965,221,218
2966,218,216
2967,221,218
2968,222,219
2969,221,218
2970,223,220
2971,223,220
2972,221,218
2973,223,220
2974,222,218
2975,222,219
2976,221,218
2977,221,218
2978,222,219
2979,221,218
2980,221,218
2981,221,218
2982,222,219
2983,221,218
2984,221,218
2985,221,218
2986,223,220
2987,219,216
2988,223,220
2989,222,218
2990,218,215
2991,223,220
2992,221,218
2993,222,218
2994,218,215
2995,221,218
2996,223,220
2997,221,219
2998,223,220
2999,218,215
3000,219,216
3001,221,218
3002,221,218
3003,222,218
3004,223,220
3005,223,220
3006,223,220
3007,221,218
3008,221,218
3009,222,218
3010,221,218
3011,221,218
3012,221,218
3013,221,218
3014,221,218
3015,221,218
3016,223,220
3017,222,218
3018,223,220
3019,223,220
3020,221,218
3021,222,218
3022,223,220
3023,223,220
3024,223,220
3025,221,218
3026,219,216
3027,222,219
3028,221,218
3029,222,218
3030,222,219
3031,223,220
3032,221,218
3033,218,216
3034,221,218
3035,221,218
3036,219,217
3037,223,220
3038,221,218
3039,223,220
3040,223,220
3041,221,218
3042,218,216
3043,223,220
3044,223,220
3045,222,218
3046,221,218
3047,219,216
3048,223,220
3049,223,220
3050,223,220
3051,221,218
3052,223,220
3053,221,218
3054,221,218
3055,222,218
3056,222,218
3057,221,218
3058,221,218
3059,222,219
3060,221,218
3061,221,218
3062,223,220
3063,221,218
3064,218,217
3065,221,218
3066,222,218
3067,223,220
3068,221,218
3069,222,218
3070,223,220
3071,221,218
3072,221,218
3073,221,218
3074,222,218
3075,222,218
3076,221,218
3077,221,218
3078,223,220
3079,223,220
3080,222,219
3081,221,218
3082,221,218
3083,221,218
3084,223,220
3085,222,219
3086,221,218
3087,221,218
3088,223,220
3089,220,218
3090,221,218
3091,221,218
3092,221,218
3093,221,218
3094,222,218
3095,218,216
3096,223,220
3097,223,220
3098,223,220
3099,221,218
3100,221,218
3101,218,215
3102,222,218
3103,223,220
3104,221,218
3105,223,220
3106,223,220
3107,222,218
3108,221,218
3109,222,218
3110,223,220
3111,221,218
3112,221,218
3113,223,220
3114,218,216
3115,221,218
3116,218,216
3117,221,218
3118,221,218
3119,223,220
3120,223,220
3121,221,218
3122,221,218
3123,222,218
3124,222,218
3125,222,218
3126,218,216
3127,223,220
3128,219,217
3129,221,218
3130,223,220
3131,221,218
3132,222,218
3133,218,215
3134,223,220
3135,218,215
3136,222,219
3137,219,216
3138,221,218
3139,222,218
3140,223,220
3141,222,219
3142,223,220
3143,221,218
3144,218,216
3145,221,218
3146,223,220
3147,223,220
3148,221,218
3149,223,220
3150,218,215
3151,221,218
3152,222,218
3153,223,220
3154,223,220
3155,223,220
3156,219,217
3157,223,220
3158,221,218
3159,223,220
3160,221,218
3161,219,216
3162,218,216
3163,221,218
3164,218,216
3165,219,216
3166,223,220
3167,221,218
3168,223,220
3169,223,220
3170,221,218
3171,223,220
3172,223,220
3173,221,218
3174,221,218
3175,218,216
3176,223,220
3177,221,218
3178,222,218
3179,223,220
3180,221,218
3181,221,218
3182,223,220
3183,221,218
3184,223,220
3185,218,215
3186,223,220
3187,223,220
3188,221,218
3189,221,218
3190,221,218
3191,221,218
3192,222,219
3193,221,218
3194,223,220
3195,223,220
3196,221,218
3197,219,216
3198,221,218
3199,223,220
3200,223,220
3201,223,220
3202,223,220
3203,223,220
3204,219,217
3205,221,218
3206,218,215
3207,222,218
3208,222,219
3209,221,218
3210,223,220
3211,223,220
3212,221,218
3213,223,220
3214,221,218
3215,221,218
3216,221,218
3217,223,220
3218,222,218
3219,221,218
3220,222,218
3221,223,220
3222,221,218
3223,221,218
3224,222,218
3225,223,220
3226,218,215
3227,221,218
3228,222,218
3229,221,218
3230,223,220
3231,221,218
3232,222,219
3233,222,218
3234,223,220
3235,221,218
3236,221,218
3237,223,220
3238,223,220
3239,221,218
3240,222,219
3241,222,218
3242,221,218
3243,221,218
3244,221,218
3245,223,220
3246,221,218
3247,223,220
3248,219,216
3249,222,219
3250,221,218
3251,221,218
3252,221,218
3253,222,218
3254,223,220
3255,222,218
3256,222,218
3257,223,220
3258,223,220
3259,223,220
3260,221,218
3261,222,218
3262,221,218
3263,219,216
3264,222,219
3265,222,219
3266,218,215
3267,223,220
3268,218,215
3269,221,218
3270,222,219
3271,222,218
3272,219,217
3273,222,219
3274,221,218
3275,223,220
3276,221,218
3277,219,216
3278,222,218
3279,221,218
3280,221,218
3281,222,218
3282,221,218
3283,221,218
3284,221,218
3285,222,218
3286,220,218
3287,223,220
3288,220,218
3289,220,218
3290,220,218
3291,218,216
3292,220,218
3293,223,220
3294,218,216
3295,220,218
3296,220,218
3297,218,217
3298,218,215
3299,218,215
3300,218,215
3301,221,218
3302,221,218
3303,217,214
3304,218,216
3305,216,214
3306,218,215
3307,218,215
3308,216,213
3309,219,217
3310,219,217
3311,219,217
3312,219,217
3313,219,217
3314,217,214
3315,215,212
3316,218,215
3317,215,212
3318,217,214
3319,217,214
3320,217,214
3321,215,212
3322,218,215
3323,217,214
3324,218,215
3325,218,217
3326,214,212
3327,218,216
3328,214,212
3329,217,214
3330,218,215
3331,215,212
3332,218,215
3333,217,214
3334,216,214
3335,216,214
3336,218,215
3337,216,214
3338,218,214
3339,215,212
3340,217,214
3341,214,212
3342,216,214
3343,218,215
3344,218,215
3345,218,215
3346,218,215
3347,216,214
3348,216,214
3349,217,214
3350,215,212
3351,216,214
3352,215,212
3353,217,214
3354,216,214
3355,218,216
3356,216,214
3357,216,214
3358,218,215
3359,217,214
3360,217,214
3361,217,214
3362,216,214
3363,217,214
3364,217,214
3365,214,212
3366,216,214
3367,218,215
3368,216,214
3369,218,215
3370,218,215
3371,214,212
3372,214,212
3373,217,214
3374,217,214
3375,217,214
3376,216,214
3377,216,214
3378,216,214
3379,216,214
3380,217,214
3381,216,214
3382,217,214
3383,218,215
3384,218,215
3385,218,214
3386,218,215
3387,214,212
3388,215,212
3389,214,212
3390,217,214
3391,216,214
3392,217,214
3393,218,214
3394,216,214
3395,217,214
3396,218,216
3397,216,214
3398,216,214
3399,217,214
3400,217,214
3401,214,212
3402,216,214
3403,217,214
3404,216,214
3405,214,212
3406,218,215
3407,215,212
3408,216,214
3409,214,212
3410,218,214
3411,214,212
3412,218,214
3413,217,214
3414,217,214
3415,217,214
3416,216,214
3417,217,214
3418,215,212
3419,217,214
3420,217,214
3421,218,216
3422,218,216
3423,218,214
3424,215,212
3425,217,214
3426,218,216
3427,218,216
3428,217,214
3429,215,212
3430,217,214
3431,217,214
3432,215,212
3433,218,215
3434,217,214
3435,219,217
3436,217,214
3437,217,214
3438,219,217
3439,216,213
3440,217,214
3441,218,215
3442,221,218
3443,216,214
3444,217,214
3445,217,214
3446,219,216
3447,217,214
3448,221,218
3449,218,215
3450,218,215
3451,219,217
3452,218,217
3453,220,218
3454,219,217
3455,218,216
3456,223,220
3457,220,218
3458,220,218
3459,220,218
3460,220,218
3461,223,220
3462,221,218
3463,220,218
3464,223,220
3465,219,216
3466,221,218
3467,221,218
3468,221,218
3469,221,218
3470,222,218
3471,221,218
3472,218,216
3473,219,216
3474,221,218
3475,221,218
3476,223,220
3477,218,216
3478,219,216
3479,221,218
3480,222,219
3481,222,219
3482,222,219
3483,221,218
3484,223,220
3485,221,218
3486,221,218
3487,221,218
3488,221,218
3489,219,217
3490,223,220
3491,218,216
3492,221,218
3493,221,218
3494,223,220
3495,221,218
3496,221,218
3497,221,218
3498,223,220
3499,221,218
3500,218,216
3501,222,218
3502,221,218
3503,223,220
3504,222,218
3505,218,215
3506,218,215
3507,222,218
3508,218,216
3509,221,218
3510,221,218
3511,222,218
3512,221,218
3513,221,218
3514,222,219
3515,221,218
3516,221,218
3517,221,218
3518,221,218
3519,223,220
3520,222,218
3521,221,218
3522,223,220
3523,223,220
3524,220,218
3525,219,217
3526,222,219
3527,219,216
3528,222,218
3529,222,219
3530,223,220
3531,218,215
3532,221,218
3533,222,219
3534,221,218
3535,219,217
3536,223,220
3537,218,216
3538,222,219
3539,221,218
3540,222,219
3541,221,218
3542,221,219
3543,218,216
3544,218,215
3545,223,220
3546,222,219
3547,221,218
3548,221,218
3549,221,218
3550,222,219
3551,221,218
3552,223,220
3553,222,218
3554,221,218
3555,223,220
3556,221,218
3557,222,218
3558,221,218
3559,222,218
3560,221,218
3561,222,219
3562,221,218
3563,223,220
3564,222,219
3565,218,216
3566,221,218
3567,218,216
3568,218,215
3569,219,216
3570,218,216
3571,218,216
3572,218,215
3573,221,218
3574,223,220
3575,223,220
3576,221,218
3577,221,218
3578,223,220
3579,221,218
3580,223,220
3581,221,218
3582,222,218
3583,221,218
3584,222,218
3585,221,218
3586,223,220
3587,221,218
3588,221,218
3589,221,218
3590,222,219
3591,221,218
3592,219,217
3593,221,218
3594,218,216
3595,222,218
3596,221,218
3597,222,219
3598,221,218
3599,222,219
3600,218,216
3601,223,220
3602,223,220
3603,221,218
3604,219,216
3605,221,218
3606,223,220
3607,221,218
3608,218,216
3609,222,218
3610,218,215
3611,223,220
3612,221,218
3613,221,218
3614,221,218
3615,223,220
3616,221,218
3617,223,220
3618,219,217
3619,218,215
3620,218,216
3621,223,220
3622,221,218
3623,221,218
3624,222,218
3625,221,218
3626,219,217
3627,223,220
3628,222,218
3629,221,218
3630,222,219
3631,221,218
3632,221,218
3633,222,218
3634,218,215
3635,221,218
3636,222,219
3637,218,215
3638,222,218
3639,223,220
3640,223,220
3641,222,218
3642,221,218
3643,221,218
3644,222,219
3645,221,218
3646,221,218
3647,219,216
3648,219,216
3649,221,218
3650,223,220
3651,219,217
3652,221,218
3653,218,215
3654,222,219
3655,221,218
3656,222,218
3657,220,218
3658,222,219
3659,221,218
3660,219,217
3661,218,216
3662,218,216
3663,221,218
3664,218,215
3665,222,218
3666,219,216
3667,222,218
3668,218,215
3669,219,217
3670,221,218
3671,223,220
3672,221,218
3673,222,219
3674,221,218
3675,223,220
3676,218,216
3677,221,218
3678,219,217
3679,221,218
3680,218,216
3681,221,218
3682,221,218
3683,221,218
3684,221,218
3685,222,218
3686,222,218
3687,221,218
3688,223,220
3689,218,215
3690,221,218
3691,219,217
3692,218,216
3693,219,216
3694,221,218
3695,222,218
3696,218,215
3697,221,218
3698,221,218
3699,221,218
3700,221,218
3701,222,218
3702,218,215
3703,221,218
3704,221,218
3705,221,218
3706,221,218
3707,222,218
3708,221,218
3709,219,217
3710,222,218
3711,221,218
3712,221,218
3713,222,218
3714,222,219
3715,221,218
3716,221,218
3717,222,218
3718,221,218
3719,221,218
3720,221,218
3721,221,218
3722,218,215
3723,222,219
3724,221,218
3725,222,219
3726,222,218
3727,218,215
3728,222,218
3729,223,220
3730,218,215
3731,218,215
3732,221,218
3733,222,218
3734,220,218
3735,221,218
3736,221,218
3737,222,219
3738,221,218
3739,221,218
3740,223,220
3741,223,220
3742,222,218
3743,219,217
3744,223,220
3745,221,218
3746,222,219
3747,222,218
3748,222,219
3749,218,215
3750,218,216
3751,219,216
3752,221,218
3753,219,216
3754,221,218
3755,221,218
3756,221,218
3757,222,218
3758,222,219
3759,221,218
3760,221,218
3761,221,218
3762,221,218
3763,223,220
3764,222,218
3765,221,218
3766,221,218
3767,222,219
3768,222,218
3769,219,217
3770,221,218
3771,219,216
3772,221,218
3773,219,216
3774,218,216
3775,219,217
3776,221,218
3777,219,217
3778,222,219
3779,218,215
3780,222,218
3781,222,219
3782,223,220
3783,223,220
3784,218,215
3785,221,218
3786,218,216
3787,219,217
3788,221,218
3789,221,218
3790,222,218
3791,221,218
3792,221,218
3793,218,216
3794,221,218
3795,223,220
3796,222,219
3797,221,218
3798,221,218
3799,222,218
3800,218,216
3801,221,218
3802,223,220
3803,218,215
3804,221,218
3805,221,218
3806,218,216
3807,221,218
3808,219,216
3809,223,220
3810,221,218
3811,223,220
3812,218,215
3813,219,216
3814,221,218
3815,222,218
3816,221,218
3817,221,218
3818,221,218
3819,222,219
3820,221,218
3821,221,218
3822,220,218
3823,218,216
3824,219,217
3825,221,218
3826,222,218
3827,218,216
3828,221,218
3829,221,218
3830,221,218
3831,218,215
3832,218,215
3833,221,218
3834,221,218
3835,221,218
3836,219,216
3837,223,220
3838,221,218
3839,222,219
3840,221,218
3841,223,220
3842,221,218
3843,222,218
3844,223,220
3845,223,220
3846,218,216
3847,221,218
3848,223,220
3849,221,218
3850,221,218
3851,223,220
3852,222,218
3853,222,218
3854,223,220
3855,218,216
3856,219,217
3857,223,220
3858,221,218
3859,221,218
3860,221,218
3861,222,218
3862,219,216
3863,222,218
3864,221,218
3865,223,220
3866,221,218
3867,221,218
3868,218,215
3869,221,218
3870,221,218
3871,222,218
3872,222,219
3873,222,219
3874,218,215
3875,221,218
3876,221,218
3877,221,218
3878,222,219
3879,222,218
3880,221,218
3881,218,215
3882,222,218
3883,222,218
3884,221,218
3885,221,218
3886,221,218
3887,221,218
3888,223,220
3889,223,220
3890,221,218
3891,222,218
3892,223,220
3893,223,220
3894,221,218
3895,221,218
3896,222,218
3897,223,220
3898,221,218
3899,221,218
3900,223,220
3901,221,218
3902,221,218
3903,221,218
3904,221,218
3905,221,218
3906,223,220
3907,222,219
3908,218,216
3909,219,216
3910,222,218
3911,221,218
3912,221,218
3913,222,219
3914,221,218
3915,218,216
3916,222,218
3917,218,215
3918,223,220
3919,218,215
3920,223,220
3921,221,218
3922,221,218
3923,221,218
3924,222,218
3925,221,218
3926,219,217
3927,222,219
3928,221,218
3929,221,218
3930,221,218
3931,218,215
3932,221,218
3933,221,218
3934,221,218
3935,218,215
3936,221,218
3937,218,215
3938,222,219
3939,223,220
3940,218,216
3941,221,218
3942,222,218
3943,221,218
3944,223,220
3945,218,216
3946,223,220
3947,221,218
3948,220,218
3949,218,215
3950,221,218
3951,221,218
3952,221,218
3953,218,215
3954,221,218
3955,222,218
3956,221,218
3957,222,218
3958,221,218
3959,221,218
3960,221,218
3961,219,216
3962,220,218
3963,221,218
3964,218,216
3965,221,218
3966,222,218
3967,222,219
3968,218,215
3969,221,218
3970,219,216
3971,219,216
3972,221,218
3973,221,218
3974,222,218
3975,221,218
3976,219,217
3977,221,218
3978,223,220
3979,221,218
3980,218,215
3981,223,220
3982,221,218
3983,218,215
3984,222,218
3985,221,218
3986,221,218
3987,218,216
3988,218,216
3989,222,219
3990,218,215
3991,221,218
3992,221,218
3993,222,218
3994,221,218
3995,221,218
3996,223,220
3997,221,218
3998,222,219
3999,218,215
4000,221,218
4001,221,218
4002,223,220
4003,223,220
4004,221,218
4005,221,218
4006,221,218
4007,221,218
4008,223,220
4009,222,218
4010,221,218
4011,221,218
4012,223,220
4013,221,218
4014,221,218
4015,221,218
4016,221,218
4017,218,216
4018,222,218
4019,221,218
4020,221,218
4021,218,215
4022,221,218
4023,221,218
4024,221,218
4025,221,218
4026,218,216
4027,218,215
4028,221,218
4029,221,218
4030,222,219
4031,221,218
4032,221,218
4033,219,217
4034,218,215
4035,218,216
4036,221,218
4037,218,216
4038,220,218
4039,220,218
4040,218,215
4041,219,217
4042,218,215
4043,219,217
4044,218,215
4045,218,216
4046,218,215
4047,218,216
4048,221,218
4049,218,215
4050,218,215
4051,217,214
4052,219,216
4053,217,214
4054,217,214
4055,218,215
4056,221,218
4057,218,215
4058,218,215
4059,215,212
4060,217,214
4061,217,214
4062,216,213
4063,217,214
4064,217,214
4065,218,215
4066,219,217
4067,218,215
4068,217,214
4069,218,215
4070,218,215
4071,217,214
4072,217,214
4073,218,216
4074,217,214
4075,217,214
4076,217,214
4077,218,216
4078,218,214
4079,216,214
4080,217,214
4081,215,212
4082,217,214
4083,214,212
4084,216,214
4085,215,212
4086,217,214
4087,215,212
4088,217,214
4089,216,214
4090,218,214
4091,216,214
4092,218,215
4093,215,212
4094,215,212
4095,216,214
4096,214,212
4097,217,214
4098,218,215
4099,218,215
4100,215,212
4101,217,214
4102,214,212
4103,214,212
4104,215,212
4105,216,214
4106,214,212
4107,217,214
4108,216,214
4109,216,214
4110,216,214
4111,214,212
4112,218,215
4113,216,214
4114,216,214
4115,214,212
4116,214,212
4117,214,212
4118,214,212
4119,216,214
4120,214,212
4121,216,214
4122,216,214
4123,217,214
4124,216,214
4125,217,214
4126,218,215
4127,216,214
4128,218,215
4129,217,214
4130,214,212
4131,218,214
4132,214,212
4133,218,214
4134,217,214
4135,214,212
4136,217,214
4137,214,212
4138,216,214
4139,214,212
4140,218,216
4141,218,215
4142,217,214
4143,217,214
4144,214,212
4145,216,214
4146,214,212
4147,215,212
4148,216,214
4149,214,212
4150,214,212
4151,214,212
4152,217,214
4153,214,212
4154,218,214
4155,214,212
4156,217,214
4157,218,214
4158,216,214
4159,214,212
4160,216,214
4161,216,214
4162,216,214
4163,217,214
4164,218,215
4165,216,214
4166,214,212
4167,217,214
4168,217,214
4169,214,212
4170,217,214
4171,214,212
4172,214,212
4173,217,214
4174,214,212
4175,217,214
4176,217,214
4177,217,214
4178,217,214
4179,215,212
4180,218,215
4181,219,217
4182,217,214
4183,218,215
4184,217,214
4185,218,215
4186,217,214
4187,216,213
4188,219,217
4189,218,215
4190,217,214
4191,216,213
4192,218,215
4193,218,215
4194,216,214
4195,217,214
4196,217,214
4197,220,216
4198,217,214
4199,217,214
4200,218,215
4201,218,216
4202,218,217
4203,217,214
4204,220,218
4205,218,216
4206,218,214
4207,220,218
4208,218,215
4209,218,215
4210,218,216
4211,220,218
4212,218,215
4213,218,215
4214,221,218
4215,221,218
4216,222,218
4217,218,215
4218,221,218
4219,218,216
4220,218,215
4221,221,218
4222,218,216
4223,221,218
4224,223,220
4225,223,220
4226,218,215
4227,218,215
4228,218,215
4229,218,215
4230,222,218
4231,221,218
4232,221,218
4233,218,216
4234,218,216
4235,222,218
4236,221,218
4237,218,216
4238,219,216
4239,218,215
4240,223,220
4241,218,215
4242,222,218
4243,221,218
4244,218,215
4245,222,219
4246,219,216
4247,222,219
4248,221,218
4249,219,217
4250,222,218
4251,218,215
4252,221,218
4253,221,218
4254,218,216
4255,221,218
4256,222,218
4257,221,218
4258,221,218
4259,221,218
4260,221,218
4261,222,218
4262,218,216
4263,219,216
4264,221,218
4265,223,220
4266,222,218
4267,221,218
4268,221,218
4269,221,218
4270,222,218
4271,221,218
4272,221,218
4273,218,216
4274,222,218
4275,219,217
4276,221,218
4277,218,215
4278,221,218
4279,218,216
4280,221,218
4281,222,218
4282,222,219
4283,222,219
4284,222,219
4285,222,218
4286,219,216
4287,222,219
4288,221,218
4289,221,218
4290,221,218
4291,222,218
4292,218,215
4293,221,218
4294,218,215
4295,221,218
4296,218,215
4297,221,218
4298,218,216
4299,222,218
4300,222,218
4301,218,216
4302,221,218
4303,221,218
4304,221,218
4305,221,218
4306,218,215
4307,218,215
4308,222,218
4309,218,216
4310,222,219
4311,221,218
4312,222,218
4313,218,215
4314,221,218
4315,223,220
4316,223,220
4317,221,218
4318,221,218
4319,221,218
4320,222,218
4321,221,218
4322,218,215
4323,222,218
4324,219,216
4325,218,216
4326,221,218
4327,218,216
4328,218,215
4329,221,218
4330,221,218
4331,218,215
4332,221,218
4333,221,218
4334,218,215
4335,221,218
4336,219,217
4337,218,215
4338,221,218
4339,221,218
4340,221,218
4341,221,218
4342,221,218
4343,221,218
4344,223,220
4345,221,218
4346,221,218
4347,218,216
4348,218,215
4349,221,218
4350,218,216
4351,218,216
4352,218,215
4353,221,218
4354,218,215
4355,221,218
4356,222,218
4357,218,216
4358,223,220
4359,222,218
4360,218,216
4361,218,215
4362,218,215
4363,221,218
4364,221,218
4365,221,218
4366,221,218
4367,219,217
4368,221,218
4369,218,215
4370,218,216
4371,221,218
4372,221,218
4373,219,217
4374,218,215
4375,218,216
4376,218,216
4377,219,217
4378,222,218
4379,222,218
4380,221,218
4381,221,218
4382,221,218
4383,218,215
4384,221,218
4385,218,215
4386,221,218
4387,221,218
4388,218,215
4389,222,219
4390,221,218
4391,218,216
4392,218,215
4393,218,215
4394,218,215
4395,218,216
4396,219,217
4397,219,216
4398,221,218
4399,222,218
4400,218,215
4401,221,218
4402,221,218
4403,221,218
4404,221,218
4405,221,218
4406,223,220
4407,222,219
4408,218,215
4409,221,218
4410,219,217
4411,218,216
4412,221,218
4413,221,218
4414,222,218
4415,219,217
4416,218,215
4417,218,216
4418,221,218
4419,218,216
4420,222,218
4421,218,215
4422,221,218
4423,218,215
4424,221,218
4425,218,216
4426,222,218
4427,221,218
4428,221,218
4429,218,216
4430,221,218
4431,219,217
4432,218,215
4433,218,215
4434,221,218
4435,221,218
4436,218,215
4437,221,218
4438,219,216
4439,221,218
4440,221,218
4441,218,215
4442,218,216
4443,221,218
4444,220,218
4445,221,218
4446,221,218
4447,218,215
4448,221,218
4449,221,218
4450,219,216
4451,223,220
4452,218,215
4453,219,217
4454,222,218
4455,221,218
4456,218,216
4457,218,215
4458,222,218
4459,221,218
4460,222,218
4461,221,218
4462,218,215
4463,222,219
4464,221,218
4465,218,216
4466,221,218
4467,222,218
4468,222,219
4469,221,218
4470,222,218
4471,222,218
4472,221,218
4473,222,218
4474,221,218
4475,222,218
4476,218,215
4477,218,215
4478,221,218
4479,218,215
4480,222,218
4481,218,215
4482,221,218
4483,221,218
4484,218,215
4485,218,215
4486,218,216
4487,222,219
4488,221,218
4489,218,215
4490,221,218
4491,218,215
4492,222,218
4493,221,218
4494,222,219
4495,218,215
4496,218,215
4497,221,218
4498,222,218
4499,218,215
4500,219,216
4501,221,218
4502,218,215
4503,218,216
4504,221,218
4505,218,215
4506,220,218
4507,218,215
4508,221,218
4509,218,216
4510,218,215
4511,222,218
4512,218,215
4513,222,219
4514,221,218
4515,221,218
4516,218,216
4517,218,215
4518,221,218
4519,221,218
4520,219,216
4521,221,218
4522,221,218
4523,221,218
4524,218,215
4525,221,218
4526,222,218
4527,218,215
4528,219,217
4529,221,218
4530,218,215
4531,219,217
4532,222,218
4533,218,215
4534,222,218
4535,218,215
4536,219,216
4537,221,218
4538,221,218
4539,221,218
4540,221,218
4541,219,216
4542,221,218
4543,218,215
4544,218,215
4545,222,218
4546,218,215
4547,221,218
4548,221,218
4549,218,215
4550,221,218
4551,222,219
4552,222,218
4553,218,215
4554,221,218
4555,218,216
4556,222,218
4557,218,216
4558,221,218
4559,218,215
4560,222,219
4561,218,215
4562,218,215
4563,218,215
4564,222,218
4565,222,218
4566,219,216
4567,222,218
4568,221,218
4569,219,216
4570,222,218
4571,222,218
4572,218,216
4573,222,219
4574,221,218
4575,218,215
4576,219,216
4577,221,218
4578,218,215
4579,222,219
4580,218,215
4581,221,218
4582,221,218
4583,221,218
4584,221,218
4585,219,217
4586,222,219
4587,221,218
4588,221,219
4589,219,216
4590,221,218
4591,217,214
4592,221,218
4593,218,215
4594,222,219
4595,221,218
4596,221,218
4597,222,218
4598,218,216
4599,221,218
4600,218,215
4601,218,215
4602,221,218
4603,221,218
4604,218,215
4605,222,218
4606,218,215
4607,221,218
4608,221,218
4609,218,215
4610,221,218
4611,219,216
4612,218,216
4613,222,218
4614,221,218
4615,219,217
4616,221,218
4617,221,218
4618,221,218
4619,221,218
4620,218,216
4621,221,218
4622,218,215
4623,221,218
4624,218,215
4625,218,215
4626,221,218
4627,219,216
4628,218,216
4629,221,218
4630,218,215
4631,221,218
4632,219,217
4633,221,218
4634,221,218
4635,221,218
4636,218,215
4637,217,214
4638,221,218
4639,222,218
4640,221,218
4641,222,219
4642,221,218
4643,218,216
4644,218,215
4645,221,218
4646,221,218
4647,218,216
4648,222,219
4649,221,218
4650,218,216
4651,218,215
4652,222,218
4653,222,219
4654,221,218
4655,221,218
4656,222,218
4657,217,214
4658,218,215
4659,221,218
4660,218,215
4661,221,218
4662,218,215
4663,221,218
4664,221,218
4665,221,218
4666,221,218
4667,222,219
4668,221,218
4669,218,215
4670,218,216
4671,222,218
4672,217,214
4673,221,218
4674,218,215
4675,217,214
4676,222,219
4677,221,218
4678,222,219
4679,222,219
4680,218,216
4681,218,216
4682,221,218
4683,217,214
4684,218,215
4685,218,215
4686,218,215
4687,218,216
4688,218,216
4689,218,216
4690,218,215
4691,221,218
4692,221,218
4693,221,218
4694,218,215
4695,218,216
4696,222,218
4697,219,216
4698,222,218
4699,219,217
4700,218,216
4701,218,215
4702,221,218
4703,221,218
4704,222,218
4705,218,215
4706,221,218
4707,221,218
4708,221,218
4709,221,218
4710,221,218
4711,221,218
4712,218,216
4713,222,218
4714,217,214
4715,222,218
4716,219,217
4717,218,215
4718,221,218
4719,219,217
4720,220,218
4721,221,218
4722,221,218
4723,222,219
4724,222,218
4725,218,215
4726,219,216
4727,221,218
4728,218,216
4729,222,218
4730,218,216
4731,218,216
4732,218,215
4733,221,218
4734,217,214
4735,218,215
4736,221,218
4737,222,218
4738,221,218
4739,222,218
4740,221,218
4741,218,215
4742,221,218
4743,218,215
4744,218,216
4745,218,216
4746,221,218
4747,221,218
4748,218,215
4749,221,218
4750,222,218
4751,221,218
4752,222,218
4753,218,216
4754,218,215
4755,218,215
4756,221,218
4757,222,218
4758,221,218
4759,222,218
4760,218,216
4761,218,215
4762,222,219
4763,218,216
4764,221,218
4765,221,218
4766,218,215
4767,218,215
4768,218,215
4769,218,215
4770,221,218
4771,221,218
4772,218,215
4773,222,218
4774,221,218
4775,221,218
4776,221,218
4777,221,218
4778,221,218
4779,217,214
4780,218,215
4781,221,218
4782,218,215
4783,221,219
4784,221,218
4785,220,218
4786,218,215
4787,220,218
4788,218,215
4789,220,218
4790,217,214
4791,218,215
4792,220,218
4793,217,214
4794,218,215
4795,219,217
4796,220,217
4797,219,216
4798,220,217
4799,217,214
4800,218,215
4801,215,212
4802,215,212
4803,218,215
4804,215,213
4805,218,215
4806,218,215
4807,218,215
4808,215,212
4809,215,212
4810,217,214
4811,215,212
4812,215,212
4813,215,212
4814,217,214
4815,217,214
4816,217,214
4817,215,212
4818,215,212
4819,215,212
4820,214,212
4821,218,215
4822,215,212
4823,217,214
4824,217,214
4825,217,214
4826,214,212
4827,213,211
4828,217,214
4829,213,211
4830,213,211
4831,216,214
4832,217,214
4833,214,212
4834,217,214
4835,214,212
4836,215,212
4837,214,212
4838,217,214
4839,214,212
4840,214,212
4841,218,214
4842,216,214
4843,214,211
4844,214,211
4845,217,214
4846,216,214
4847,217,214
4848,217,214
4849,218,214
4850,216,214
4851,214,212
4852,214,212
4853,217,214
4854,216,214
4855,216,214
4856,214,212
4857,214,212
4858,214,212
4859,216,214
4860,216,214
4861,213,211
4862,216,214
4863,216,214
4864,214,212
4865,216,214
4866,214,212
4867,215,212
4868,213,211
4869,216,214
4870,214,212
4871,216,214
4872,216,214
4873,215,212
4874,215,212
4875,216,214
4876,214,212
4877,217,214
4878,214,212
4879,216,214
4880,216,214
4881,214,212
4882,217,214
4883,216,214
4884,216,214
4885,217,214
4886,216,214
4887,214,212
4888,216,214
4889,213,211
4890,213,211
4891,214,212
4892,214,212
4893,217,214
4894,214,212
4895,215,212
4896,214,212
4897,216,214
4898,213,211
4899,215,212
4900,214,212
4901,214,212
4902,216,214
4903,214,212
4904,215,212
4905,217,214
4906,215,212
4907,218,214
4908,216,214
4909,216,214
4910,214,212
4911,218,214
4912,218,214
4913,216,214
4914,214,212
4915,214,212
4916,216,214
4917,217,214
4918,218,215
4919,214,212
4920,217,214
4921,214,212
4922,214,212
4923,214,212
4924,217,214
4925,218,215
4926,214,212
4927,217,214
4928,213,211
4929,215,212
4930,215,212
4931,217,214
4932,215,212
4933,217,214
4934,218,215
4935,215,213
4936,217,214
4937,215,212
4938,218,215
4939,216,213
4940,216,213
4941,217,214
4942,215,212
4943,217,214
4944,215,212
4945,215,212
4946,217,214
4947,218,215
4948,215,212
4949,216,213
4950,218,215
4951,218,216
4952,217,214
4953,217,214
4954,218,215
4955,219,217
4956,218,215
4957,220,218
4958,220,218
4959,218,215
4960,218,215
4961,220,218
4962,220,218
4963,220,218
4964,221,218
4965,218,216
4966,222,218
4967,221,218
4968,221,218
4969,221,218
4970,221,218
4971,218,215
4972,221,218
4973,222,219
4974,222,218
4975,221,218
4976,221,218
4977,218,215
4978,221,218
4979,218,215
4980,218,215
4981,218,216
4982,219,217
4983,217,214
4984,218,215
4985,218,215
4986,218,216
4987,221,218
4988,218,215
4989,221,218
4990,221,218
4991,219,216
4992,217,214
4993,221,218
4994,218,215
4995,221,218
4996,218,215
4997,221,218
4998,218,216
4999,221,218
5000,217,214
5001,217,214
5002,217,214
5003,221,218
5004,217,214
5005,221,218
5006,219,216
5007,219,217
5008,218,215
5009,217,214
5010,218,215
5011,217,214
5012,218,215
5013,221,218
5014,222,218
5015,221,218
5016,221,218
5017,218,215
5018,221,218
5019,221,218
5020,221,218
5021,221,218
5022,219,217
5023,218,216
5024,218,216
5025,221,218
5026,221,218
5027,219,217
5028,221,218
5029,221,218
5030,221,218
5031,217,214
5032,221,218
5033,222,218
5034,219,216
5035,221,218
5036,217,214
5037,217,214
5038,221,218
5039,218,216
5040,221,218
5041,218,215
5042,221,218
5043,221,218
5044,221,218
5045,221,218
5046,219,217
5047,221,218
5048,221,218
5049,221,218
5050,221,218
5051,218,216
5052,218,215
5053,217,214
5054,218,216
5055,218,215
5056,219,216
5057,221,218
5058,218,215
5059,221,218
5060,217,214
5061,219,216
5062,218,215
5063,217,214
5064,222,218
5065,222,218
5066,218,216
5067,221,218
5068,218,215
5069,221,218
5070,218,216
5071,221,218
5072,222,218
5073,219,216
5074,222,219
5075,219,216
5076,218,215
5077,217,214
5078,221,218
5079,221,218
5080,221,218
5081,221,218
5082,219,216
5083,218,216
5084,221,218
5085,217,214
5086,221,218
5087,218,215
5088,220,218
5089,217,214
5090,221,218
5091,218,216
5092,218,215
5093,217,214
5094,218,215
5095,221,218
5096,218,216
5097,219,216
5098,218,215
5099,218,215
5100,218,215
5101,221,218
5102,218,215
5103,221,218
5104,221,218
5105,221,218
5106,217,214
5107,217,214
5108,219,216
5109,221,218
5110,218,215
5111,221,218
5112,221,218
5113,217,214
5114,221,218
5115,217,214
5116,219,217
5117,221,218
5118,221,218
5119,221,218
5120,218,215
5121,218,216
5122,221,218
5123,221,218
5124,221,218
5125,218,216
5126,221,218
5127,218,215
5128,218,215
5129,218,215
5130,218,215
5131,218,216
5132,221,218
5133,218,215
5134,221,218
5135,221,218
5136,222,219
5137,222,218
5138,217,214
5139,221,218
5140,217,214
5141,221,218
5142,217,214
5143,218,216
5144,221,218
5145,221,218
5146,221,218
5147,221,218
5148,221,218
5149,218,216
5150,221,218
5151,219,216
5152,221,218
5153,218,215
5154,221,218
5155,221,218
5156,217,214
5157,217,214
5158,217,214
5159,221,218
5160,221,218
5161,221,218
5162,221,218
5163,218,215
5164,217,214
5165,218,216
5166,221,218
5167,221,218
5168,221,218
5169,218,215
5170,221,218
5171,217,214
5172,218,215
5173,217,214
5174,218,215
5175,221,218
5176,217,214
5177,217,214
5178,217,214
5179,217,214
5180,221,218
5181,222,218
5182,218,215
5183,218,215
5184,221,218
5185,218,215
5186,218,215
5187,218,215
5188,217,214
5189,221,218
5190,217,214
5191,218,216
5192,221,218
5193,218,216
5194,221,218
5195,218,215
5196,218,215
5197,221,218
5198,218,215
5199,217,214
5200,219,216
5201,221,218
5202,221,218
5203,221,218
5204,221,218
5205,221,218
5206,217,214
5207,221,218
5208,218,216
5209,221,218
5210,218,215
5211,219,216
5212,218,215
5213,221,218
5214,221,218
5215,218,215
5216,221,218
5217,222,219
5218,217,214
5219,218,216
5220,218,215
5221,221,218
5222,221,218
5223,218,215
5224,218,216
5225,218,215
5226,217,214
5227,222,218
5228,217,214
5229,218,215
5230,221,218
5231,217,214
5232,221,218
5233,218,215
5234,218,216
5235,221,218
5236,221,218
5237,222,218
5238,219,216
5239,217,214
5240,218,215
5241,219,217
5242,222,218
5243,221,218
5244,221,218
5245,218,215
5246,218,215
5247,218,215
5248,218,216
5249,218,216
5250,221,218
5251,217,214
5252,221,218
5253,218,215
5254,218,216
5255,219,216
5256,221,218
5257,221,218
5258,218,215
5259,221,218
5260,217,214
5261,221,218
5262,217,214
5263,218,215
5264,218,216
5265,218,215
5266,221,218
5267,219,217
5268,221,218
5269,217,214
5270,218,215
5271,218,215
5272,217,214
5273,219,216
5274,217,214
5275,218,216
5276,221,218
5277,221,218
5278,218,216
5279,217,214
5280,218,215
5281,218,216
5282,217,214
5283,221,218
5284,218,215
5285,217,214
5286,217,214
5287,218,215
5288,221,218
5289,217,214
5290,219,216
5291,218,216
5292,221,218
5293,221,218
5294,217,214
5295,219,217
5296,218,215
5297,217,214
5298,218,215
5299,221,218
5300,218,216
5301,218,215
5302,218,216
5303,221,218
5304,217,214
5305,219,216
5306,221,218
5307,221,218
5308,219,216
5309,217,214
5310,221,218
5311,221,218
5312,221,218
5313,217,214
5314,218,216
5315,219,217
5316,217,214
5317,221,218
5318,221,218
5319,218,215
5320,221,218
5321,221,218
5322,221,218
5323,217,214
5324,221,218
5325,221,218
5326,218,215
5327,221,218
5328,218,215
5329,221,218
5330,217,214
5331,221,218
5332,221,218
5333,218,215
5334,221,218
5335,217,214
5336,217,214
5337,218,216
5338,219,217
5339,221,218
5340,219,217
5341,221,218
5342,221,218
5343,221,218
5344,217,214
5345,217,214
5346,221,218
5347,217,214
5348,217,214
5349,219,216
5350,218,215
5351,217,214
5352,221,218
5353,221,218
5354,221,218
5355,221,218
5356,219,216
5357,221,218
5358,221,218
5359,219,216
5360,218,215
5361,218,216
5362,217,214
5363,221,218
5364,217,214
5365,218,215
5366,218,215
5367,221,218
5368,221,218
5369,221,218
5370,218,215
5371,218,215
5372,221,218
5373,217,214
5374,219,216
5375,221,218
5376,218,215
5377,219,217
5378,221,218
5379,217,214
5380,217,214
5381,218,215
5382,218,215
5383,219,216
5384,219,217
5385,218,215
5386,221,218
5387,217,214
5388,219,216
5389,218,215
5390,219,217
5391,218,215
5392,219,216
5393,217,214
5394,218,216
5395,221,218
5396,221,218
5397,219,217
5398,217,214
5399,221,218
5400,219,216
5401,219,217
5402,218,215
5403,218,215
5404,218,215
5405,221,218
5406,218,216
5407,218,215
5408,221,218
5409,217,214
5410,219,217
5411,221,218
5412,221,218
5413,218,215
5414,221,218
5415,221,218
5416,221,218
5417,221,218
5418,221,218
5419,217,214
5420,218,215
5421,217,214
5422,218,215
5423,218,216
5424,218,215
5425,217,214
5426,221,218
5427,218,216
5428,221,218
5429,218,216
5430,221,218
5431,221,218
5432,217,214
5433,221,218
5434,218,215
5435,217,214
5436,218,216
5437,221,218
5438,218,215
5439,221,218
5440,218,215
5441,219,216
5442,218,215
5443,221,218
5444,217,214
5445,217,214
5446,218,215
5447,221,218
5448,221,218
5449,218,215
5450,218,215
5451,218,215
5452,221,218
5453,221,218
5454,221,218
5455,217,214
5456,221,218
5457,217,214
5458,218,215
5459,218,215
5460,221,218
5461,221,218
5462,221,218
5463,221,218
5464,219,217
5465,217,214
5466,217,214
5467,221,218
5468,219,216
5469,219,216
5470,218,215
5471,218,215
5472,218,216
